name,value,overridable,description,type
net_1,10.10.1.0/24,FALSE,Adding by API,Network
net_2,10.10.2.0/24,FALSE,Adding by API,Network
net_3,10.10.3.0/24,FALSE,Adding by API,Network
net_4,10.10.4.0/24,FALSE,Adding by API,Network
net_5,10.10.5.0/24,FALSE,Adding by API,Network
net_6,10.10.6.0/24,FALSE,Adding by API,Network
net_7,10.10.7.0/24,FALSE,Adding by API,Network
net_8,10.10.8.0/24,FALSE,Adding by API,Network
net_9,10.10.9.0/24,FALSE,Adding by API,Network
net_10,10.10.10.0/24,FALSE,Adding by API,Network
net_11,10.10.11.0/24,FALSE,Adding by API,Network
net_12,10.10.12.0/24,FALSE,Adding by API,Network
net_13,10.10.13.0/24,FALSE,Adding by API,Network
net_14,10.10.14.0/24,FALSE,Adding by API,Network
net_15,10.10.15.0/24,FALSE,Adding by API,Network
net_16,10.10.16.0/24,FALSE,Adding by API,Network
net_17,10.10.17.0/24,FALSE,Adding by API,Network
net_18,10.10.18.0/24,FALSE,Adding by API,Network
net_19,10.10.19.0/24,FALSE,Adding by API,Network
net_20,10.10.20.0/24,FALSE,Adding by API,Network
net_21,10.10.21.0/24,FALSE,Adding by API,Network
net_22,10.10.22.0/24,FALSE,Adding by API,Network
net_23,10.10.23.0/24,FALSE,Adding by API,Network
net_24,10.10.24.0/24,FALSE,Adding by API,Network
net_25,10.10.25.0/24,FALSE,Adding by API,Network
net_26,10.10.26.0/24,FALSE,Adding by API,Network
net_27,10.10.27.0/24,FALSE,Adding by API,Network
net_28,10.10.28.0/24,FALSE,Adding by API,Network
net_29,10.10.29.0/24,FALSE,Adding by API,Network
net_30,10.10.30.0/24,FALSE,Adding by API,Network
net_31,10.10.31.0/24,FALSE,Adding by API,Network
net_32,10.10.32.0/24,FALSE,Adding by API,Network
net_33,10.10.33.0/24,FALSE,Adding by API,Network
net_34,10.10.34.0/24,FALSE,Adding by API,Network
net_35,10.10.35.0/24,FALSE,Adding by API,Network
net_36,10.10.36.0/24,FALSE,Adding by API,Network
net_37,10.10.37.0/24,FALSE,Adding by API,Network
net_38,10.10.38.0/24,FALSE,Adding by API,Network
net_39,10.10.39.0/24,FALSE,Adding by API,Network
net_40,10.10.40.0/24,FALSE,Adding by API,Network
net_41,10.10.41.0/24,FALSE,Adding by API,Network
net_42,10.10.42.0/24,FALSE,Adding by API,Network
net_43,10.10.43.0/24,FALSE,Adding by API,Network
net_44,10.10.44.0/24,FALSE,Adding by API,Network
net_45,10.10.45.0/24,FALSE,Adding by API,Network
net_46,10.10.46.0/24,FALSE,Adding by API,Network
net_47,10.10.47.0/24,FALSE,Adding by API,Network
net_48,10.10.48.0/24,FALSE,Adding by API,Network
net_49,10.10.49.0/24,FALSE,Adding by API,Network
net_50,10.10.50.0/24,FALSE,Adding by API,Network
net_51,10.10.51.0/24,FALSE,Adding by API,Network
net_52,10.10.52.0/24,FALSE,Adding by API,Network
net_53,10.10.53.0/24,FALSE,Adding by API,Network
net_54,10.10.54.0/24,FALSE,Adding by API,Network
net_55,10.10.55.0/24,FALSE,Adding by API,Network
net_56,10.10.56.0/24,FALSE,Adding by API,Network
net_57,10.10.57.0/24,FALSE,Adding by API,Network
net_58,10.10.58.0/24,FALSE,Adding by API,Network
net_59,10.10.59.0/24,FALSE,Adding by API,Network
net_60,10.10.60.0/24,FALSE,Adding by API,Network
net_61,10.10.61.0/24,FALSE,Adding by API,Network
net_62,10.10.62.0/24,FALSE,Adding by API,Network
net_63,10.10.63.0/24,FALSE,Adding by API,Network
net_64,10.10.64.0/24,FALSE,Adding by API,Network
net_65,10.10.65.0/24,FALSE,Adding by API,Network
net_66,10.10.66.0/24,FALSE,Adding by API,Network
net_67,10.10.67.0/24,FALSE,Adding by API,Network
net_68,10.10.68.0/24,FALSE,Adding by API,Network
net_69,10.10.69.0/24,FALSE,Adding by API,Network
net_70,10.10.70.0/24,FALSE,Adding by API,Network
net_71,10.10.71.0/24,FALSE,Adding by API,Network
net_72,10.10.72.0/24,FALSE,Adding by API,Network
net_73,10.10.73.0/24,FALSE,Adding by API,Network
net_74,10.10.74.0/24,FALSE,Adding by API,Network
net_75,10.10.75.0/24,FALSE,Adding by API,Network
net_76,10.10.76.0/24,FALSE,Adding by API,Network
net_77,10.10.77.0/24,FALSE,Adding by API,Network
net_78,10.10.78.0/24,FALSE,Adding by API,Network
net_79,10.10.79.0/24,FALSE,Adding by API,Network
net_80,10.10.80.0/24,FALSE,Adding by API,Network
net_81,10.10.81.0/24,FALSE,Adding by API,Network
net_82,10.10.82.0/24,FALSE,Adding by API,Network
net_83,10.10.83.0/24,FALSE,Adding by API,Network
net_84,10.10.84.0/24,FALSE,Adding by API,Network
net_85,10.10.85.0/24,FALSE,Adding by API,Network
net_86,10.10.86.0/24,FALSE,Adding by API,Network
net_87,10.10.87.0/24,FALSE,Adding by API,Network
net_88,10.10.88.0/24,FALSE,Adding by API,Network
net_89,10.10.89.0/24,FALSE,Adding by API,Network
net_90,10.10.90.0/24,FALSE,Adding by API,Network
net_91,10.10.91.0/24,FALSE,Adding by API,Network
net_92,10.10.92.0/24,FALSE,Adding by API,Network
net_93,10.10.93.0/24,FALSE,Adding by API,Network
net_94,10.10.94.0/24,FALSE,Adding by API,Network
net_95,10.10.95.0/24,FALSE,Adding by API,Network
net_96,10.10.96.0/24,FALSE,Adding by API,Network
net_97,10.10.97.0/24,FALSE,Adding by API,Network
net_98,10.10.98.0/24,FALSE,Adding by API,Network
net_99,10.10.99.0/24,FALSE,Adding by API,Network
net_100,10.10.100.0/24,FALSE,Adding by API,Network
